Key,Name,Artist,Rating,Play Count
01,Another Brick in the Wall,Pink Floyd,4,0
02,Stayin' Alive,Bee Gees,5,0
03,Highway to Hell,AC/DC,2,0
04,Shape of You,Ed Sheeran,1,0
05,Someone Like You,Adele,3,0
06,Bohemian Rhapsody,Queen,5,0
07,Let It Be,The Beatles,5,0
08,Blinding Lights,The Weeknd,5,0
09,Imagine,John Lennon,4,0
10,Thriller,Michael Jackson,5,0
11,Hey Jude,The Beatles,5,0
12,Smells Like Teen Spirit,Nirvana,4,0
13,Hotel California,Eagles,4,0
14,Rolling in the Deep,Adele,5,0
15,Take on Me,a-ha,4,0
